{
  "users": [
    {
      "id": "1",
      "firstName": "Terry",
      "lastName": "Medhurst",
      "maidenName": "Smitham",
      "age": 50,
      "gender": "male",
      "email": "atuny0@sohu.com",
      "phone": "+63 791 675 8914",
      "username": "atuny0",
      "password": "9uQFF1Lh",
      "birthDate": "2000-12-25",
      "image": "https://robohash.org/Terry.png?set=set4",
      "description": "Lorem ipsum dolor sit amet, consectetur adipiscing elit. Suspendisse lacinia vehicula arcu quis lacinia. Nunc ac cursus velit. Phasellus vehicula nec dui ut tempus. Cras quis laoreet lacus. Aliquam venenatis arcu non ex pretium laoreet. Mauris lacinia ex non libero ultricies, ut mollis ligula dignissim. Suspendisse ipsum neque, blandit eget elit dapibus, molestie pharetra diam. Nulla facilisi. Etiam nec tempor orci. Fusce scelerisque pellentesque malesuada. Pellentesque habitant morbi tristique senectus et netus et malesuada fames ac turpis egestas. In luctus purus tortor. Mauris malesuada nibh odio, at vehicula neque elementum vitae. Ut semper ipsum et erat iaculis vulputate. Pellentesque euismod enim tincidunt lorem volutpat, vitae finibus turpis euismod. Nunc vestibulum venenatis nisl. In eleifend non nibh non laoreet. In hac habitasse platea dictumst. Mauris pretium augue eget nibh tempus, ac aliquet dui finibus. Nam vitae fermentum tellus. Nunc id velit mauris. Phasellus id massa egestas, posuere ex sed, interdum turpis. Nullam eget pretium nisl. Donec gravida enim augue, et dictum metus condimentum eu.Vestibulum ultrices neque cursus eros consequat, sit amet aliquam massa eleifend. Praesent dapibus elementum bibendum. Nullam libero dolor, vestibulum at diam nec, pretium dapibus nulla. Morbi lectus orci, molestie ut blandit vitae, fringilla ac tellus. Donec faucibus lorem sed tincidunt imperdiet. Pellentesque est ex, elementum in elementum eu, volutpat ac ipsum. Nulla consequat volutpat leo sed pretium. Sed non fermentum tortor, et rutrum libero. Nulla sed semper risus. Curabitur consectetur ipsum id magna gravida dapibus. Fusce nec nunc feugiat, faucibus tortor id, cursus ipsum. Maecenas vel ante sit amet nisl aliquet dapibus non sit amet quam."
    },
    {
      "id": "2",
      "firstName": "Danny",
      "lastName": "Rogers",
      "maidenName": "Cole",
      "age": 28,
      "gender": "female",
      "email": "dr@uk.org",
      "phone": "+7 813 117 7139",
      "username": "hbingley1",
      "password": "CQutx25i8r",
      "birthDate": "2003-08-02",
      "image": "https://cdn-icons-png.flaticon.com/256/4213/4213677.png",
      "description": "Lorem ipsum dolor sit amet, consectetur adipiscing elit. Suspendisse lacinia vehicula arcu quis lacinia. Nunc ac cursus velit. Phasellus vehicula nec dui ut tempus. Cras quis laoreet lacus. Aliquam venenatis arcu non ex pretium laoreet. Mauris lacinia ex non libero ultricies, ut mollis ligula dignissim. Suspendisse ipsum neque, blandit eget elit dapibus, molestie pharetra diam. Nulla facilisi. Etiam nec tempor orci. Fusce scelerisque pellentesque malesuada. Pellentesque habitant morbi tristique senectus et netus et malesuada fames ac turpis egestas. In luctus purus tortor. Mauris malesuada nibh odio, at vehicula neque elementum vitae. Ut semper ipsum et erat iaculis vulputate. Pellentesque euismod enim tincidunt lorem volutpat, vitae finibus turpis euismod. Nunc vestibulum venenatis nisl. In eleifend non nibh non laoreet. In hac habitasse platea dictumst. Mauris pretium augue eget nibh tempus, ac aliquet dui finibus. Nam vitae fermentum tellus. Nunc id velit mauris. Phasellus id massa egestas, posuere ex sed, interdum turpis. Nullam eget pretium nisl. Donec gravida enim augue, et dictum metus condimentum eu.Vestibulum ultrices neque cursus eros consequat, sit amet aliquam massa eleifend. Praesent dapibus elementum bibendum. Nullam libero dolor, vestibulum at diam nec, pretium dapibus nulla. Morbi lectus orci, molestie ut blandit vitae, fringilla ac tellus. Donec faucibus lorem sed tincidunt imperdiet. Pellentesque est ex, elementum in elementum eu, volutpat ac ipsum. Nulla consequat volutpat leo sed pretium. Sed non fermentum tortor, et rutrum libero. Nulla sed semper risus. Curabitur consectetur ipsum id magna gravida dapibus. Fusce nec nunc feugiat, faucibus tortor id, cursus ipsum. Maecenas vel ante sit amet nisl aliquet dapibus non sit amet quam."
    }
  ]
}